269,Ricard,Świecie nad Osą,59402
546,Alejandrina,Sobotín,133127
363,Alyse,Luodian,58030
708,Adelice,Oum Hadjer,115280
49,Abigael,Xingou,21154
94,Saunder,Paris 12,41672
881,Steve,Qiaodi,189084
141,Orson,Kota Bharu,129209
460,Gwenni,Sanxianling,46590
407,Suellen,Monte Mor,126035
982,Deborah,Bershet’,14084
283,Dorey,Xinyan,73116
20,Ty,Pamanukan,33514
506,Siusan,Malishka,189024
955,Gal,Shidu,39505
182,Jeane,La Reforma,154714
673,Jessee,Monte da Chaminé,194455
159,Whitby,Meadow Lake,70165
517,Dniren,Linshanhe,160249
259,Roana,Gusau,114964
794,Erie,Antas,113136
473,Eva,Pringgabaya,85012
763,Cullin,Tabant,89944
184,Ernestine,Saint-Brieuc,176878
574,Lona,Umbultanjung,117548
206,Grady,Quận Phú Nhuận,194495
614,Marven,Acatenango,67089
964,Dev,Bandarlampung,181681
247,Joyce,Volgograd,136740
194,Denise,Yinglong,138238
773,Walsh,Clamart,189473
246,Rinaldo,Skellefteå,109472
762,Calli,Naji,158620
467,Clement,Port Nolloth,95244
539,Sutton,Youcheng,19811
990,Peta,Ambovombe,128616
981,Tory,Arcoverde,66862
374,Ingamar,Cigembor,136446
60,Bridgette,Tamansari,119054
862,Allina,Santo Domingo,68006
714,Arthur,Buliwao,166814
609,Etta,Humen,101537
485,Innis,Xinwan,55284
30,Craig,Bocana de Paiwas,112122
497,Wandis,Mbalmayo,146211
843,Sabrina,Piraju,171987
548,Phillipe,Dulian,184052
169,Etta,Robertsfors,181682
377,Lorrie,Sasayama,47260
96,Danyette,Gamboula,139544
588,Myrtie,Wangge’ertang,51675
591,Inglebert,Gowarczów,105040
224,Anna-diane,Rennes,104608
937,Noel,Zhireken,21801
493,Mord,Houston,117290
88,Munmro,Zastron,193467
292,Hilario,Huyuan,59065
508,Any,Laojunmiao,54154
47,Ricki,Anfu,42354
132,Vincents,Krajan Battal,12092
934,Pauletta,Anning,112319
122,Gar,Pécs,183567
384,Glenna,Baraguá,118851
658,Antonia,Luohuang,173462
958,Pippo,Frisange,125165
891,Renell,Malaruhatan,142806
455,Orland,Bondy,166559
553,Emmaline,Sukaharja,161413
53,Julianne,Pelotas,124516
373,Manda,Maopingchang,106230
750,Gearalt,Fonte da Aldeia,26624
882,Aurora,Venado Tuerto,152836
947,Giorgia,Świętochłowice,46652
528,Morgen,Moneague,84163
918,Heindrick,Playas,78963
648,Oliver,Bokat,106716
933,Adams,Poste de Flacq,21187
740,Michaella,Dawan,60661
133,Wadsworth,Caijiang,150528
934,Brigitte,Cisarap,20530
786,Dorice,Stockholm,179225
892,Steffane,Hägersten,112850
931,Albrecht,Longzhou,146085
1000,Abelard,Ximafang,38103
478,Daryle,Santo Aleixo,121784
649,Thelma,Colmar,69995
339,Glad,Tumpang Satu,148071
594,Dacia,Taoyuan,174394
315,Ford,Richard-Toll,198054
41,Case,Milín,43327
648,Deina,Jaen,108642
902,Carree,Baidian,116613
409,Orelle,Tumbes,32325
255,Lyell,Nanzhen,88529
842,Annelise,Haukivuori,115077
605,Mylo,Warsaw,189936
426,Corbett,Zakliczyn,181931
128,Wanids,Nýdek,67066
874,Olenka,Ursynów,48952
862,Vicky,Kletek,67842
926,Durward,Jarošov nad Nežárkou,36561
829,Emera,Heshan,106413
738,Wylma,Tianxin,120487
658,Davide,Leomil,11246
684,Hilton,Arranhó,139219
178,Goran,Savannakhét,113987
671,Cathrin,Shijiazhuang,141847
447,Fidelia,Yenagoa,182729
17,Willyt,Huangshui,137836
777,Eveleen,Laval,64966
281,Antonio,Sundumbili,142438
606,Reamonn,Cabanas,134492
633,Marysa,Stara Kiszewa,36825
189,Harmony,Tabiauan,145263
306,Mycah,Semënovskoye,162460
175,Ermina,Kesha,186050
919,Linus,Palaió Fáliro,113694
171,Dorthy,Rochefort,154333
260,Annamarie,Seltjarnarnes,76309
668,Adriano,Anticala,131110
247,Avrom,Saipan,125539
692,Orsola,Orléans,141086
7,Haley,Seso,81930
669,Derron,Jiulonggang,56590
302,Terrye,Conner,160604
793,Garwood,Douarnenez,142125
299,Drucill,Padangan,81996
75,Morley,Conel,158029
633,Dacey,Zhugang,19316
99,Jobi,Iecava,18770
217,Gennie,Pruszcz Gdański,149911
374,Herb,Gandi,42627
641,Clayton,Xincheng Chengguanzhen,123921
517,Brana,Tužno,41026
165,Ilyssa,Täby,154654
594,Sanders,Macapá,17740
287,Timmy,Paris 09,169932
142,Rosemarie,Pechersk,180365
431,Sonnnie,Kota Kinabalu,162688
764,Filmer,Bojong,154171
454,See,Simitli,160365
233,Creigh,Sandvika,25740
733,Ancell,Oslo,128784
524,Melita,San Felipe Old,102035
734,Lulu,Cikananga,164285
747,West,Cotahuasi,165906
588,Adora,Marondera,65192
190,Alley,Arsenal,95510
340,Maitilde,Damiku,78786
115,Kimbell,Wanagiri,136216
689,Serena,Hofors,27536
252,Joannes,Nyrob,100505
892,Lizabeth,Sosnovyy Bor,188069
833,Izak,Maralal,51466
724,Kalina,Sukamaju,101568
492,Filippa,Remscheid,173798
621,Scarlett,Ron Phibun,120860
307,Rea,Vasil’yevskiy Mokh,46608
319,Valaree,Ja Ela,33020
921,Nikkie,Nantou,130974
711,Chicky,Conchamarca,88322
334,Duane,Bajo Naranjillo,45309
207,Robenia,Shchūchīnsk,185673
495,Staford,Sáchica,90838
251,Berkley,Abaza,101796
715,Orsa,Dukla,130857
512,Thor,Ziliang,113381
688,Idaline,Cañada de Gómez,26313
85,Gustaf,Chengmen,47787
190,Sig,Pimbalayan,181899
567,Orrin,Chapultepec,173767
954,Alleen,Flandes,99824
49,Ailey,Järfälla,140551
331,Dori,Dawa-Dawa,75843
435,Toddie,Fresno,118746
85,Glyn,Santa Brigida,177276
202,Ellsworth,Clorinda,139800
860,Konstantin,Mapiripán,145360
10,Montgomery,Knyaginino,163678
385,Lanny,Vysotsk,114375
264,Conway,Bagalangit,83872
386,Courtney,Sefrou,49127
539,Susy,Loakulu,11005
352,Blaire,Sennoy,69311
517,Lowell,Vidual,99038
185,Jervis,Tennō,100667
130,Ruth,Toksovo,63274
750,Leupold,Mandaon,119295
63,Lisette,Svatava,55163
150,Rivkah,San Carlos,26452
563,Shelagh,Kangping,40065
143,Locke,Simitli,112367
882,Moises,Dayr Abū Ḑa‘īf,127265
369,Renie,Las Cruces,62191
697,Blondy,Kabarnet,153826
635,Desirae,Bohicon,74459
980,Hale,Modderfontein,100663
938,Nataniel,Pražmo,148108
944,Randal,Berezniki,117399
199,Carri,Muara Sabak,26688
41,Marcella,Xumu,53472
649,Read,Calangain,121525
835,Dasi,Carmen,34186
336,Nicholle,Cirangga Kidul,19439
888,Stern,Stizhkivs’ke,83033
65,Diannne,Jindayris,37742
252,Jewel,Sobeok,92197
588,Octavia,Knežica,89837
649,Stephenie,Li’an,148863
538,Vick,Ucluelet,54760
672,Berri,Oujda,23279
931,Bevvy,Chian Yai,15718
263,Nerti,Manoc-Manoc,57752
368,Leda,Songshan,36822
634,Kirstyn,Zhutian,131398
607,Alix,Guohe,79390
63,Myles,Venustiano Carranza,11101
268,Donielle,Santo Antônio de Pádua,155994
367,Johnath,Bang Rakam,167825
993,Kristopher,Várzea de Sintra,159155
673,Annalise,Dom Pedrito,190096
709,Lyle,Lindavista,169038
439,Waiter,Sanchang,195929
456,Marty,Samouco,136064
692,Koral,Moinhos,176986
580,Branden,Gemena,31693
335,Vittorio,La Mohammedia,135509
805,Noel,Dumingag,77657
487,Danni,Jiezi,79022
432,Glen,Usa River,47114
729,Lorrayne,Jimo,85466
884,Sigismundo,Cikadu,187961
767,Sybil,Almere Stad,192805
358,Marja,Līgatne,54371
136,Julissa,Bunigeulis,160810
731,Tobie,Jetis,165596
827,Courtney,Rääkkylä,107769
786,Axel,Kentau,62178
741,Tracey,Kronoby,77186
214,Patsy,Araruama,199138
714,Murielle,Tamnag,128714
279,Ursa,Kadusimbar,77674
932,Jocelyne,Shabo,179580
487,Myrtie,Huangyang,132584
445,Germana,Darpas,63304
501,Darsie,Rrasa e Sipërme,80878
228,Vite,San Isidro,190453
818,Jeffry,Efeng,158939
760,Kristian,Linpu,14130
480,Kelby,Petung,178172
985,Rayna,Xinglin,197969
885,Krystle,Hongshanzui,117037
757,Carolynn,Batobato,135982
810,Ansell,Tatrang,145298
502,Ingar,Dengfang,68189
490,Velvet,Bay-ang,102472
214,Merna,Tadotsu,147072
245,Hebert,Popielów,197311
138,Caril,Rzhev,108544
707,Brew,Kampot,134465
44,Delcina,Créteil,28565
533,Ilyse,Şurmān,64542
833,Adolphe,Muramvya,103971
521,Jocko,Pshekhskaya,21877
826,Kalie,Alabat,13407
565,Cilka,Del Campillo,127331
615,Bari,Kašina,22071
709,Edik,Aizkraukle,130225
810,Allianora,Zhulan,113520
333,Lenee,Fryčovice,68300
687,Nert,Villeneuve-d'Ascq,108974
252,Belita,Postupice,170845
576,Elbert,Buhe,137294
866,Jayne,Jirny,169985
765,Yvor,Dali,22233
974,Lucky,Conel,175857
518,Falkner,Tabira,31294
792,Glenden,Brody,83575
939,Braden,Sandnes,82165
434,Berkley,Radzyń Chełmiński,189775
144,Ynez,Sajan,112605
235,Feodor,Carletonville,144187
102,Ximenes,Zhenping Chengguanzhen,50187
217,Maryl,Caleufú,74702
745,Ardine,Río Campo,22538
863,Heda,Kosino,187531
82,Jan,Kanggye-si,117278
431,Juliet,Ezhou,103371
802,Dickie,Sylhet,44771
296,Kingsly,Joaquín V. González,135685
236,Leigha,Majan,62705
324,Patin,Awjilah,145800
632,Kaleena,Urho,102138
981,Marley,Taihe,14731
524,Augustina,Francisco Beltrão,103183
165,Augustus,Olhos de Água,10172
615,Roxy,Bystra,12571
735,Korey,Ugljevik,103511
627,Bear,Blangpulo,107867
113,Prue,Berëza,65946
300,Cornall,Ngunguru,127184
372,Sanson,Boafeo,110550
877,Wells,Sitangkai,169853
441,Melodie,Calangain,153120
815,Cathrin,Ureshino,128468
757,Dalia,Shangyi,193331
342,Daron,Bantawora,103830
516,Florina,Wujiaying,39060
18,Lawton,Al Minyā,12742
298,Erina,Jardin,24151
983,Candace,Meia Via,80749
928,Krishna,Mölndal,122334
793,Moritz,Caijiapu,129990
975,Harli,Amboise,127391
26,Rem,Winschoten,165406
586,Muire,Krajan,20010
242,Babita,Hiroshima-shi,127019
854,Priscilla,Tuchoměřice,79937
570,Nert,Le Mans,152042
565,Hillel,Orlová,34855
169,Vaclav,Kladi,56739
13,Kristan,Liushun,194470
513,Gwendolyn,Funchal,175108
665,Kara-lynn,Metsavan,74796
609,Rudolf,Sussex,149291
574,Loren,Moinhos,67291
901,Adam,Marston,50533
787,Pauletta,Tambac,118238
389,Cobbie,Magtangol,147302
946,Sadie,Srubec,63201
3,Ric,Jingmao,122388
26,Vail,Igarra,173265
275,Carena,Xinxu,101588
945,Shalom,Marne-la-Vallée,53666
310,Sidonia,Châlons-en-Champagne,113554
571,Tish,Nyandoma,62436
706,Burch,Orange Farm,171462
962,Pierre,Krasnoarmeysk,23770
631,Gawen,Burrel,135406
867,Darn,Nowa Ruda,96635
43,Maud,Hirara,88318
703,Danette,Sanok,136214
430,Hurlee,Canoas,74761
51,Jakob,Kafachan,96824
40,Angie,Las Matas de Santa Cruz,189069
501,Minna,Cikalong,35647
497,Quintilla,Minji,123260
459,Corney,Tyler,69954
376,Clint,Kimch’aek-si,34431
43,Gladys,Mirontsi,156744
881,Augustine,Alingsås,89912
856,Dody,Wielbark,119835
455,Lonnie,Pag-asa,97347
740,Mill,Ngangguk,130216
441,Wendell,Zhenxi,149569
179,Myrta,Mashiko,50814
51,Connie,Bošovice,185706
56,Myer,Fujioka,35883
671,Constantine,Krajan Ngrambingan,167754
196,Cherida,Shimen,83340
204,Fritz,Kax,120337
771,Batsheva,Klagenfurt am Wörthersee,61468
966,Odey,Fryazino,58786
292,Rock,Sumberbening,170508
937,Serene,Nirgua,162708
362,Moss,Samagaltay,194633
948,Hagan,Nowogard,90047
897,Shannan,Calaya,29799
891,Piotr,Kuantan,130273
282,Netta,Aracaju,189502
996,Randal,Parizh,32652
684,Ricoriki,Bulgan,109922
896,Ermin,Tumbes,94336
937,Eula,Tuti,137096
14,Jonah,Changtang,145346
504,Alex,Yushugou,122470
729,Benedict,Přimda,12577
916,Nathalie,Tomorlog,192177
14,Seymour,Vityazevo,112446
648,Sebastian,Pampamarca,135769
475,Nona,Nova Cruz,168806
106,Ann-marie,Xinyuan,61318
900,Brock,Damāvand,164247
494,Milka,Heshe,124199
220,Jaynell,Concepción,52438
944,Quintana,Floriano,47284
546,Suellen,Gložan,71574
824,Kelly,Dongqiao,98164
795,Gib,Aveleda,116854
641,Quintilla,Alindao,153668
763,Orelle,Muzi,59946
514,Tamar,Gielniów,177685
582,Bobine,Nobo,194568
973,Harley,Besuki Dua,11424
509,Joleen,Praga Północ,197480
699,Vivyan,Pitogo,137521
17,Norina,Raszków,159763
962,Welsh,Longhua,24031
853,Paloma,Néa Smýrni,156897
250,Isabelle,Panggungwinong,26121
109,Marjorie,Emmeloord,41030
614,Aubrey,Kenyau,99932
280,Leelah,Sępólno Krajeńskie,87209
356,Rudd,Yashiro,105410
50,Alejandro,Bykivka,168358
467,Cornell,Stavropol’,190304
533,Janeen,Khosta,28951
389,Sonni,Landskrona,150131
370,Obediah,Jingyang,44915
12,Ramona,Gaojiabu,94834
527,Latisha,Thị Trấn Than Uyên,60164
135,Blane,Rudziczka,161664
969,Moyra,Ipoh,60963
302,Tricia,Jiashi,59838
557,Jozef,Ingarö,162698
729,Evelina,Demak,119480
963,Benetta,Saint-Maurice-l'Exil,23695
724,Fabien,Jindong,161578
269,Ira,Wolowona,59404
810,Linc,Wilkes Barre,54839
907,Wynny,Paris 18,39952
211,Aggi,Cuevas,109685
598,Sarah,Vitanje,139010
820,Miriam,Oju,44093
752,Wilek,Salaverry,96928
965,Marjie,Morrelgonj,94646
343,Lisette,Qiziltepa Shahri,111850
36,Iver,Khōst,18182
445,Janette,Ostravice,44466
158,Erna,Hedong,125279
538,Dorotea,Saint Paul,131978
233,Brian,Río Grande,89033
211,Sybyl,Cañazas,92643
479,Fraser,Jackson,38079
194,Livvyy,Mullovka,116956
596,Malanie,Zhouji,168429
286,Audy,Minjian,197251
39,Van,Kawasaki,123213
820,Ashlee,Jayapura,133252
1000,Tobye,Nsok,155100
425,Clive,Sladna,159659
424,Hewie,Wang Nam Yen,143554
443,Christiano,Huangsha,88356
844,Spencer,Tallaght,83823
491,Joline,Tuochuan,50792
764,Hamilton,Ash Shiḩr,117341
98,Kerrie,Shanguang,170028
388,Brunhilde,Daping,83991
229,Janel,Tongxing,97519
81,Oralle,Xitan,157942
839,Mal,Riverton,161422
943,Alica,Pagedangan,143931
327,Sonny,Santa María Ixhuatán,12080
73,Tobin,Baki,143442
939,Jojo,Situsari,146162
740,Bartie,Letpandan,14079
706,Renie,Svedala,92265
861,Tabb,Yefremov,109774
985,Indira,Mach,191395
274,Vallie,Angol,24286
983,Aileen,Seversk,125860
586,Freddie,Manturovo,60457
471,Fairleigh,San Agustin,181281
403,Kathie,Miami,167451
743,Yurik,Dongfeng,85011
254,Nye,Pato-o,79073
795,Geralda,Gião,134385
53,Danella,Doumé,20377
139,Filmer,Famaillá,190950
8,Raymond,Jintan,34421
888,Helene,Muleng,76205
348,Tracey,Mačkovec,173828
843,Tammie,Sambuluan,195672
771,Prudence,Banjar Sedang,86094
749,Nickie,Dasiping,111610
132,Moreen,Manghit,157569
280,Stephan,Cikiruh,84536
428,Maurizia,Roriz,198088
812,Risa,Santa Fe,133954
480,Emeline,Qiqin,31862
164,Ab,Lorino,28487
303,Christoffer,Uthai Thani,43147
249,Katrina,Lampuyang,160115
201,Lyn,Szczerców,119541
816,Cleveland,Hornówek,64861
844,Nikos,Arapuey,153390
840,Wit,Bingawan,17007
430,Val,Sishan,143105
733,Reinaldo,Adygeysk,128403
253,Stella,Calimete,73043
430,Sancho,Dashuipo,58627
509,Orv,Bonthe,72858
6,Marcelle,Bherāmāra,103603
712,Emmalee,Trinidad,79955
156,Wakefield,Kiszkowo,38264
969,Michaela,Heba,84534
777,Pen,Gorzyce,194716
5,Willem,Lushuihe,79441
211,Aundrea,Baixiang,63703
175,Nicolea,Caldas da Rainha,101044
923,Vivyan,Kuala Lumpur,61881
635,Rayshell,Villa Lugano,46777
546,Renato,Curridabat,138624
576,Putnam,Caronoan West,133078
476,Baudoin,Nanyang,23638
306,Erinna,Canindé,53526
260,Dasha,Chengnan,152632
514,Gar,Mizhhir’ya,59556
434,Deni,Kokubunji,166370
970,Yule,Aras-asan,91130
876,Cherey,Ellös,93284
141,Ambrosi,Coaraci,178663
313,Maje,Bugembe,150921
326,Cilka,Rybnik,89473
925,Vincent,Washington,105888
795,Issie,Portela,61130
436,Chrissie,Guayaquil,144754
872,Anna-maria,Vale de Touros,77017
57,Shellysheldon,Gamut,67901
569,Imojean,Kebonsari Kidul,76663
257,Hardy,Karlskoga,132896
513,Twila,Heemstede,163966
112,Barnard,Dadong’ao,111094
666,Federica,Krzczonów,197190
119,Aurie,Bourg-en-Bresse,92487
210,Kiersten,Rammūn,182553
323,Gillan,Tampakan,185583
972,Adamo,Pappadátes,162281
291,Orton,Barisāl,51359
679,Wernher,Picton,61474
761,Minta,Wudui,125674
843,Cornelia,Mosjøen,155852
750,Sebastien,Nuing,62524
593,Rhodie,Al Jawādīyah,164390
648,Ransom,Radenković,25177
997,Shanon,La Cruz,193686
583,Malvina,Ust-Kamenogorsk,175986
953,Janice,Kavieng,166866
850,Petronella,U Minh,190049
1000,Arlana,Malangwa,100390
655,Stacia,Zdolbuniv,81720
509,Sapphira,Xylotymbou,173617
2,Rivy,Yongfeng,96637
449,Bernadina,Imtarfa,152264
295,Vernor,Hucun,144042
151,Flory,Anchorage,103811
379,Zenia,Timba Lauk,151580
394,Vilma,Fengcheng,69614
576,Hyacinthie,Sypniewo,194909
763,Dallas,Ngurore,132998
757,Jackqueline,Tugu,71760
904,Adele,Birmingham,33894
507,Charo,Yishui,194545
175,Georgiana,Fatuulan,174793
580,Benetta,Chengyang,104731
34,Lorelei,Xinlong,162302
395,Asher,Zgłobień,90067
557,Riordan,Cikandang,18628
245,Suzanna,Falun,75297
797,Edith,Yelets,170947
142,Perren,Krasnotur’insk,169164
998,Rosalyn,Jelat,106746
430,Bianca,Novozavedennoye,56860
98,Magdaia,Nzega,141757
907,Locke,Czerwionka-Leszczyny,75304
707,Jay,Arcachon,12505
384,Judie,Vacoas,55075
805,Lee,Lapu-Lapu City,131954
58,Gladys,Esperalvillo,99515
492,Eliza,Jieshipu,44309
423,Bertrando,Chaoshui,146698
357,Meade,Kotlyarevskaya,198490
91,Jaye,Anserma,151996
211,Susy,Kawahmanuk,157013
677,Kristi,Qorashina,59844
650,Fowler,Barberena,26144
630,Timmie,Malartic,105256
865,Leonard,Kiryū,130798
768,Mab,Narutochō-mitsuishi,175117
410,Aili,Fergana,93257
998,Brien,Bakov nad Jizerou,47123
61,Chanda,Olopa,32937
629,Aldric,Menzel Bourguiba,139859
773,Marten,Igreja,180802
666,Karlen,Uścimów Stary,82136
323,Orsa,Nangakeo,22440
366,Nikolaus,Triánta,118506
139,Giulia,Příbram,11573
759,Arlene,Gamleby,85253
264,Rosaline,Dedza,121408
47,Sharon,La’ershan,196990
671,Kellby,Huangzhu,82105
379,Derrek,Kumla,112279
412,Elyssa,Vila do Bispo,199247
379,Abbot,Samburat,18756
318,Gussi,Calgary,121975
342,Florentia,Naval,181958
858,Ellie,Bajia,96605
657,Ferne,Paraíso,49412
564,Maryellen,Kham Sakae Saeng,163721
103,Sigmund,Bình Minh,154623
644,Ernie,Zhuping,22857
630,Inesita,Peroguarda,72073
980,Carver,Nastola,73809
805,Nannie,Paris 11,76976
784,Ashil,Dawe,131915
494,Veronike,Ganzi,59324
940,Ashla,Foumbot,175494
659,Kimberly,San Agustin,170343
954,Kalinda,Gonça,192362
119,Denver,Pavlovskaya,96111
263,Fannie,San Agustín,75356
892,Yale,Hecheng,175122
253,Teresa,Perzów,56573
913,Krysta,Nampicuan,185613
896,Mar,Akure,49188
474,Jemima,Abobo,49430
727,Kassie,Châteaudun,171533
567,Kaitlin,Shebekino,70272
298,Rani,Chojnice,24948
100,Drucie,Fort Worth,45648
652,Aloin,Sieniawa Żarska,70162
306,Oliver,Gaoling,105445
302,Bartel,Jinping,199291
942,Lenard,Johanneshov,103202
983,Susannah,Ujar,112307
693,Tom,Jirkov,170647
46,Masha,Verkhnevilyuysk,15591
844,Mireille,Quthing,24181
799,Tabbitha,Sørvágur,98800
385,Titos,Hongor,125449
240,Marget,Ţalkhā,119359
445,Darcee,Castêlo,124637
228,Courtnay,Banjar Tibubiyu Kaja,141136
724,Ad,Dicun,79901
744,Brandon,Gushan,189080
198,Humfrey,Wola Rębkowska,133573
251,Verile,Colorado Springs,10081
456,Lolly,San José Acatempa,113561
623,Franny,Крушево,36603
477,Niki,Öndörhoshuu,36394
213,Berkley,Gandorhun,41266
79,Lorrin,Quaraí,129391
392,Bradly,Valinhos,199493
645,Galvin,Dongyu,90834
334,Mattheus,Xijiang,25797
967,Cari,Itararé,166368
252,Brinn,Liuzhou,82270
553,Lukas,Lisków,176868
894,Ros,Tacoma,34574
533,Akim,Shangdundu,194638
330,Colin,Farīdpur,23483
889,Corny,San Bautista,193539
722,Johnna,Dolní Rychnov,125044
501,Baudoin,Sōja,39398
184,Miriam,Neuville,176932
742,Raphael,Kuala Lumpur,130701
871,Humfrid,Saransk,20481
386,Denni,Kaga Bandoro,131286
941,Etta,Shengli,34267
324,Erek,San Diego,104440
613,Olimpia,San Fernando,73338
745,Brent,Vrané nad Vltavou,151886
538,Freddi,Göteborg,150107
477,Lutero,Aoluguya Ewenke Minzu,46468
13,Vidovic,Rublëvo,36010
512,Parnell,Spånga,191596
651,Konstanze,Сарај,127521
344,Chrysler,Quanzhou,190776
31,Haily,Koryukivka,125968
404,Gery,Gucheng,69220
512,Joli,Marina,150374
45,Codie,Linchen,59083
367,Luciana,Xiaomian,43904
674,Saxon,Seattle,147574
836,Lynelle,Giawang,109784
564,Huey,Sumberingin Kulon,83156
108,Bartholomeo,Majingklak,106085
921,Maggi,Frankfort,36524
848,Riobard,Nazareth,96292
243,Merla,Yangxipu,171088
872,Karrie,Caldas Novas,138046
678,Cynthia,Sukaraja,125417
445,Nate,São Pedro de Muel,17475
737,Ahmed,Tabou,171994
236,Waly,Ouricuri,173799
40,Chickie,Naftalan,165031
211,Osbourn,Vientiane,138555
361,Shelbi,Angers,12480
268,Donica,Chotcza,108683
444,Juline,Yangshan,44918
738,Cody,Bairro do Margaça,104059
265,Peri,Sambiyan,85162
69,Judas,Sasovo,198113
526,Marline,Huaccana,194125
232,Farleigh,Maraã,167171
484,Nicolis,Moscavide,31706
383,Rockie,Gusang,114122
361,Marty,Shuanghe,81005
707,Armand,Olavarría,170093
308,Cooper,Timiryazevo,175438
95,Constanta,Ranot,78879
475,Quincy,Akebielidou,151166
680,Basil,Nuits-Saint-Georges,108263
263,Sher,Västerås,11260
690,Franky,Horana South,199896
175,Reynard,Ulichnoye,106094
489,Laney,Cimanggu Girang,194865
269,Aurora,New York City,74136
128,Cheston,Huangjindong,29741
429,Gisele,Daohe,41534
922,Mariska,Terentang,129419
738,Percy,Butel,179958
276,Lorne,Lujiao,128041
915,Meriel,São Silvestre,101299
615,Tracey,Santiago dos Velhos,18183
914,Jerrilyn,Shaogongzhuang,160751
136,Jay,Uthai Thani,154176
692,Cully,Kebon,185563
738,Ransom,Bīrganj,176533
456,Lucho,Mainri,31198
187,Harmonia,Dollard-Des Ormeaux,85813
786,Doro,Nanhuatang,155402
603,Gordan,Kawengan,65160
322,Abbe,Sunduan,152809
541,Duane,Lagarto,32369
194,Chere,Emiliano Zapata,136235
668,Lani,Tianxin,182588
658,Shelba,Majāz al Bāb,128936
769,Loren,Leiguan,44897
231,Errick,Yonkers,127124
328,Biddie,Xuetian,50746
776,Lemmy,Polzela,12778
967,Boone,Tāndo Mittha Khān,54876
829,Sara,Malie,121345
555,Grayce,Ararat,145046
486,Dave,Buniaga,173740
462,Leoline,Kotes,146985
523,Welsh,Bromma,97062
895,Maynord,Topchikha,101732
287,Parke,Vetlanda,71851
37,Elbertine,Paquera,116600
596,Beverley,Hekou,115502
217,Grissel,Krasnoye,189676
724,Grange,El Nido,156763
8,Aldous,Nadi,116229
44,Earvin,Dŭstí,15067
504,Tildi,Hualong,60800
917,Doroteya,Atyrau,186233
833,Kristopher,Warmare,71704
308,Rafa,Rancabugel,176491
824,Lester,Chatuchak,165587
527,Skipp,Périgueux,101564
193,Liv,North Vancouver,90140
472,Allix,Don Mueang,70980
319,Joel,Longfeng,198639
415,Roobbie,Ban Talat Bueng,28078
368,Doris,Da’anshan,36179
412,Delbert,Shuangshan,68674
970,Alex,Medina,43275
269,Melesa,Paghmān,157268
179,Anissa,Zhuhong,119047
887,Elisha,Nantes,37808
827,Adair,Obolensk,179995
355,Gabbi,Kaduna,45217
126,Janeta,Wenhe,98490
356,Steffie,Dalongtan,36067
477,Rosabella,Machico,55604
363,Evangelina,Tojeira,136689
916,Morna,Bagnolet,77106
288,Jenica,Lijiazui,45398
399,Jase,Rajsko,179177
872,Terry,Olmos,75211
104,Verena,Cunén,49791
451,Adoree,Kudusan,84542
926,Gearalt,Megalochórion,136830
759,Emilee,Nanyaojie,46662
126,Smitty,Tanshi,52400
80,Erna,Nadezhda,16125
918,Kora,Zhatay,77736
786,Lammond,Asan,38891
302,Kain,Palama,50871
463,Cad,Kui Buri,112592
94,Booth,Quebradas,106673
323,Justin,Longhua,152495
200,Hurleigh,Ouro Preto,182577
807,Agna,Latung,36056
409,Shandeigh,Alcanena,60203
649,Leoline,Chuguyevka,87157
503,Sydney,Minamata,168136
347,Lexie,Jastrzębia,64308
740,Lorilee,Qingzhou,13540
880,Colene,Cateel,72503
148,Kimble,Wang Nam Yen,25678
641,Sherrie,Bacun,135995
350,Kelli,Leleque,117669
719,Claretta,Langjun,136211
506,Willyt,Celestynów,29171
41,Xena,Singgit,143068
233,Emerson,Solnechnyy,33942
500,Ivar,Mikhaylovka,195995
503,Bradly,Brodarica,111547
364,Michell,Lidong,73104
605,Jimmy,Pederneiras,76501
987,Kiri,Culianin,98649
840,Wanids,Sindong,40299
253,Glenna,Boquira,80239
48,Abbe,Xinghua,115264
20,Tanya,Bang Bua Thong,114507
240,Wye,Nangkasari,183431
568,Andriette,Asen,143295
31,Vaughan,Sutysky,29472
519,Emile,Manolás,10472
291,Charlean,Järvakandi,25817
471,Basilio,Majennang,95259
577,Adella,Andop,70920
880,Griffin,Marseille,125411
557,Sindee,Vårgårda,170270
557,Sephira,Sangzhen,131812
961,Bendite,Oslo,139710
788,Ethelbert,Carhuamayo,170016
214,Evelyn,Ticllos,20861
644,Carling,Bubanza,162682
880,Scarlet,Qingjiang,113627
60,Bengt,Chirpan,163741
187,Lorin,Caraga,71522
578,Suzanna,Licheń Stary,23146
91,Gardy,Ulapes,154338
727,Krystal,Sepīdān,150080
160,Shaughn,Masipi West,39881
199,Lenard,Weitang,63611
460,Zea,Huurch,62585
723,Guthrie,Saint Lucia,98089
306,Giffy,Tapel,136911
525,Hyacinthie,Bojong,78910
385,Dallas,Tsapêraī,171151
224,Livia,Leganes,54478
285,Louise,Lanpelan,178552
712,Garret,Itatuba,80763
430,Doy,Safonovo,68430
131,Kearney,Zhengmo,38772
96,Sonny,Shi’an,172763
201,Kinna,Kaduela,69454
408,Leeann,Myślenice,80964
22,Ilysa,Pirassununga,55155
236,Alister,Tertek,159571
111,Hale,Zhongling,38244
152,Linnet,Panglanjan,107843
438,Marijo,Non Sung,24654
658,Barbara-anne,Sawahbaru,28109
198,Worth,Los Rastrojos,106020
553,Jemmie,Sukaraharja,137454
777,Devi,Tymbark,101492
854,Ricky,Bukid,99012
20,Edgard,Timbuktu,57256
428,Freeland,Majagual,187599
838,Jessy,Itaporanga,74772
54,Tory,Nikolo-Pavlovskoye,174787
62,Karney,Repatriación,183938
338,Abby,Mengeš,138577
132,Auberon,Los Aquijes,44479
857,Reggi,Tentúgal,74372
439,Addison,Lindi,171855
943,Mayne,Pokrovo-Prigorodnoye,193638
358,Estel,Yinglan,145644
869,Jarret,Ibeto,194780
782,Kerwin,Morón,130374
267,Hephzibah,Zherdevka,134928
833,Ring,Kalí Vrýsi,160509
695,Tobit,Zongzhai,85308
24,Lisetta,Gaoxiang,149182
509,Levi,Banjarjo,135609
474,Dottie,Birowo,96759
966,Josephina,Phan Rang-Tháp Chàm,14339
597,Chrystel,Verkhnyaya Khava,196666
524,Raynard,Aemura,79338
104,Damian,Gýtheio,133056
54,Myrah,Kebon Tengah,154640
893,Wake,Студеничани,112146
703,Jenny,Alvaro Obregon,146700
904,Urban,Velventós,154396
936,Barth,San Vicente,185986
248,Hephzibah,Ivanishchi,103265
173,Wolfgang,Sabugal,96555
310,Cristina,Laixi,114523
684,Florette,Juntang,50940
615,Tiertza,Saramech,27340
595,Blakeley,Gravataí,125982
737,Celestine,Gaokan,30464
723,Issie,Gading,101322
679,Bat,Arles,41312
494,Constance,Sobreira,106115
110,Adriaens,Novosel’ye,177986
957,Anastasie,Xianglan,22461
103,Ilsa,Nantes,43290
2,Martie,Masuguru,91813
560,Othella,Kalmar,79116
33,Ricca,Henghe,60380
39,Lowe,Karviná,166666
362,Vilhelmina,Chateaubelair,143463
228,Veriee,Klina,96426
430,Rolph,Lesnoye,12763
680,Roslyn,Kaltan,137345
778,Lamar,Ghāro,165964
780,Lemuel,Mölndal,58721
330,Auberta,Xinxian,96388
910,Julietta,Předklášteří,56987
336,Isidoro,Modřice,41742
765,Gamaliel,Morazán,130521
773,Osbourn,Pianbai,130673
799,Angil,Papelón,163135
658,Tomaso,Komoro,55913
248,Midge,Tingqian,154045
332,Vassily,Qiankeng,187317
853,Bari,Khurriānwāla,49248
282,Merry,Ampelákia,77559
945,Lenee,Lajeosa do Mondego,12839
684,Daile,Yong’an,13434
658,Joell,Puning,170938
511,Wilt,Sindi,150472
434,Ernestine,Suhong,102467
655,Annabel,Brant,132409
986,Elora,Sztum,120363
120,Evangelin,Usman’,23924
477,Madeline,Sandyford,77108
519,Randolph,Uijeongbu-si,174645
732,Dion,Banjar Banyuning Barat,38156
379,Ulrich,Wenchang,64008
856,Rosa,The Valley,199645
616,Waldemar,Popova,128814
412,Ned,Trollhättan,185857
395,Tyne,Bodø,17762
493,Carrie,Graz,87030
447,Demeter,Coloncito,192111
173,Mickey,Gokwe,13556
398,Monica,Chavão,56735
469,Hugibert,Charleston,111863
301,Haven,Melres,105347
133,Violette,Urengoy,66863
390,Clemens,Zilang,65152
910,Arly,Lancang,118761
820,Shurlocke,Wiązownica,147719
717,Lem,Tucheng,66113
962,Gilda,Hengxianhe,140543
861,Jakie,Liliana,29344
569,Nicoline,Xishan,88413
72,Putnem,Motala,51618
321,Albrecht,Zhelin,159342
313,Haskel,Sepekov,90262
217,Darryl,Kuala Lumpur,181647
855,Sibeal,New Orleans,52229
482,Hersh,Miami,185799
171,Geoff,Nkongsamba,143188
232,Em,Shuanghe,192622
29,Jarib,Pisões,169966
179,Thibaud,Volgo-Kaspiyskiy,26442
880,Emlen,Marseille,141642
511,Errol,Kaloyanovo,118348
501,Hobard,Polo,53735
333,Dunstan,Kuala Lumpur,116398
106,Perice,Skawica,170693
967,Noel,Molsheim,172391
271,Davon,Wolomarang,24966
548,Garek,Passos,28102
431,Ashley,Makīnsk,52911
155,George,Stalís,23921
303,Saloma,Mengdong,20592
46,Andres,Kalix,76351
368,Edgard,Islamey,118251
936,Fernandina,Morelos,135172
800,Katerine,Banjar Pekandelan,192547
943,Olga,Amuñgan,49115
631,Krissie,Datian,123954
66,Nerty,Sarata,57636
620,Lonny,Otjimbingwe,116611
232,Gorden,Lagoa do Itaenga,199018
163,Umeko,Ādam,136676
542,Cathleen,Guadalupe,121839
426,Boigie,Shibīn al Kawm,120650
328,Pacorro,Sŭedinenie,160955
327,Cristi,Sakura,24675
26,Karia,Saga-shi,22914
400,Hillie,Qingshui,62737
573,Herve,Futian,171895
144,Adlai,Dollard-Des Ormeaux,97468
769,Nicole,Picos,142281
357,Trumaine,Vavoua,59825
194,Kevyn,Qingsong,120790
528,Sunny,Santa Cruz da Graciosa,25511
155,Georgianne,Umeå,82376
682,Bambi,Benniu,37019
208,Tobi,Dongjiang Matoukou,130679
387,Fernando,Quỳnh Côi,141450
63,Shaina,Banqiaodian,89788
130,Lesley,Chrást,171579
6,Gherardo,Solna,83224
764,Stefan,Tianfen,113037
741,Katheryn,Tabaga,144123
941,Ezra,Shishan,138461
275,Sibylla,Prévost,143909
